PCA1                    ,PCA2
0.6855912758181932      ,-0.3718119240003256
-0.5797435469923794     ,0.24282041524805603
-0.5258903335679088     ,0.3380656978134939
0.5223465990430309      ,-0.7943192968533572
0.812227989498681       ,0.26344647611793204
0.33559697299548386     ,0.8007372681776685
0.33712248360334396     ,0.040199819039974216
-0.814629885411364      ,-1.165401743658121
-0.5612408987746255     ,-0.4863921816238158
-0.10326117184654193    ,-0.4871101725354622
0.7809821009936055      ,0.1985451423375221
-1.0400664797677037     ,-0.06301797856291125
0.7616018962893347      ,0.07050201401664741
0.1763979450750529      ,-0.39922135750987686
-0.9388861470951093     ,-1.1747124013590224
-0.04895179177370962    ,-0.12787248460107326
-0.986319686062366      ,0.4389967841243888
-0.6208823974995444     ,-0.6814075987030208
-0.3471833466308667     ,0.8925085978200414
-0.0344720681451659     ,0.11087263810610365
0.8073173376192104      ,0.2698000616321721
-0.7251037379964854     ,-0.9872548000704549
0.12931100671793905     ,0.40061073216449883
-1.0789505625501379     ,-0.2954153115223366
0.6370883615614327      ,-0.0367285237034104
-0.8176268081677761     ,0.6142863368081449
-0.5241320579317464     ,0.3736608103760689
-1.3850874267994433     ,-0.4072005899005674
-0.8731686028889278     ,0.42800185330032364
-1.0095477171188778     ,0.02819028397243084
-0.8074178859237144     ,0.6627246721970136
-0.5110104077658837     ,0.4634215564066447
0.8120806435976313      ,-0.397018512730005
0.7889495418755061      ,0.23807621704903906
0.6124822859105914      ,-0.35758400837724147
-0.7054540140213887     ,-0.3966541556382688
-0.34738504010255056    ,0.876342530757084
0.6738347676903964      ,-0.258393803794045
-0.3589046754503438     ,0.867083834258966
-1.1867010536429847     ,0.09257618400433637
-0.00043292277607809293 ,-0.2629350873331351
0.8106430103971027      ,0.3456682750435838
-1.2789781913083331     ,-0.4849481032555264
-1.0371793713090172     ,0.1462673242409614
0.5834584705731887      ,-0.35595941982312573
-0.5506376805434569     ,0.36880187138156
0.1551659506994708      ,-1.3974978345287346
-0.3605184770431879     ,0.8221424466853586
0.1620105344967805      ,0.3615260648313696
0.09521719314031796     ,0.36064976342629756
0.7971931876340961      ,0.30144233257095876
0.5643146633651559      ,-0.4299204329537324
-0.8330582036508728     ,0.5359314072327169
-0.5354643725269427     ,0.26501576987055486
0.8033512731298829      ,0.3463664804317608
0.801985984673327       ,0.29038308516983496
0.03638578715180141     ,-0.17096787751225817
-0.9819263308253279     ,-0.6356481368912412
0.35133307401831415     ,0.8462540768363938
0.7855168574523932      ,0.2369998466503055
0.7956097881371378      ,0.27238340176996495
-0.5095413050060138     ,0.533494492835406
-0.3949160843226406     ,0.5559754804059991
0.3365178860425252      ,-0.00019233688653119696
0.6239503743710542      ,-0.5408542451888751
0.3307712558332411      ,0.7903697034884425
-0.8475423698785505     ,0.4230447951785725
-0.3494156112348569     ,0.8090566831844623
-0.5451105692722705     ,-0.45665791821707746
-0.3694718781019627     ,-0.03677287931557638
0.2931898905499245      ,0.7973747351473848
0.3185942597672219      ,-0.0611540115827896
0.5891370986994762      ,-0.44270750138154646
0.8152125626528901      ,0.3084499722834557
0.5975825713202814      ,-0.6686081192699302
0.10826570595973262     ,0.0756578539587916
-1.017012755693182      ,0.12197513958523348
0.7352919595791261      ,0.08043837458995545
0.7681033609522527      ,0.13005608467166657
0.7763305115764183      ,0.19225796932659042
-1.2828214981784312     ,-0.5661902083371357
0.08999634592459049     ,-0.7076196678148479
-1.2235912865373535     ,-0.5007212800686524
-0.3575509726041241     ,0.8255982109781641
-0.4495277984721755     ,0.3359974912312357
-0.13801039520987674    ,0.5733905181596426
0.6100960670381554      ,-0.26210515644930954
0.7789137853159729      ,0.24115453641048976
0.7991693765681407      ,0.19594173594386852
0.6322782285844424      ,-0.8767579725857753
-0.8238570321590142     ,0.6370914814617665
-0.8277798915815433     ,0.629996927336111
0.28124197957967323     ,-0.16860672565799906
0.621331128685839       ,-0.020281740628375178
-0.3630617503768348     ,0.7953171814096813
0.616130094446534       ,-0.31079154338422077
-0.07270738565562129    ,-0.21580926379285625
0.31238635437545215     ,0.7161892935174341
-1.1065315404752403     ,-0.3376263704117035
-0.11442307744186708    ,-0.3620570718438747
0.7029165461167772      ,-0.667868860565046
0.808516189779144       ,0.3468312131221227
0.060810165800973426    ,-0.5119417429515142
0.7073986392593705      ,-0.6085518143022761
-0.7385606837544381     ,-1.0161614463322861
0.2946741667659355      ,0.5474085985469224
-1.2023085055867548     ,-0.3193132255007457
0.8039308095183719      ,0.32074145723511566
-0.6968910120857807     ,-0.3481512866653539
0.29997085820998626     ,0.8511878787569274
0.2964211564179875      ,0.6754780922957759
0.12583952874142967     ,-0.012023379888105479
-0.9886035983648549     ,0.05861192607815657
0.03674722210197323     ,-1.0915577837655361
0.3415940396061682      ,0.039116267541333405
0.10324683440680504     ,-0.6451680736586856
0.30994479865435287     ,0.6967748015228372
0.10622960701174955     ,0.34003611375869885
0.2194202685591632      ,-0.5281113456364992
-1.1031086172301743     ,0.06587603957316335
-0.4060171566822328     ,0.6680037910177175
0.643249697631594       ,-0.16742789430035576
0.8002903592309611      ,0.3650958113698335
-1.0925772588538463     ,-0.5144609056358587
-0.5298010235517532     ,-0.041135770779917036
-0.3284748925929708     ,0.940318148154214
-0.037519793340618224   ,0.13226056470919
0.7636440232672284      ,0.12236586587227677
-0.3735064605035425     ,0.06606333009019227
-0.5867587343719805     ,-0.7584390990566887
-0.8680796720608568     ,-0.9206441918637518
-0.7238014070613634     ,0.4126312027056965
0.31267896123344796     ,0.9034530000285144
0.3268952123636426      ,0.7892971198957066
0.08901928296059469     ,0.3095734090521076
-1.0226012978114525     ,-0.03847304619321906
0.34714893449925066     ,0.8561202893129016
-1.359715441075756      ,-0.4279619406923859
0.7763709663568559      ,0.11637357686732142
-0.4779546638700141     ,-0.4811553554627246
0.48865729148447223     ,-0.6251940561925853
0.6158374311436428      ,-0.23619494933694862
0.642101804369043       ,-0.19405489538837284
-1.2486612188447181     ,-0.36215376805918553
0.042877068439725274    ,0.22938485350034427
0.8881809739192255      ,-0.047443014041686604
0.7442891995688139      ,0.10247243646138521
-0.1798467161824746     ,0.4004191673095936
-0.8072829961993127     ,-0.30385775492989264
0.648166890804144       ,-0.17859774081255586
-0.5185181945432554     ,0.3394946352057433
-0.9954495443748833     ,0.14052080446955378
0.7931079492163762      ,0.2950733089230001
-0.33349050274274494    ,0.9835476289108478
0.28659107684847296     ,-0.13729625285241975
-0.04851026907434863    ,-0.022796786685824744
-0.7846070580670761     ,-0.4723318830531271
0.6371388506050224      ,-0.18821497121315345
0.8122802100843451      ,0.3845646293833729
0.30295323576596034     ,0.6254449717305272
0.6918308175426433      ,-0.5347709532714993
0.5534353870393722      ,-1.2550119361285077
-0.8458179353377414     ,0.4744286134736103
-0.8465517648830898     ,0.5922948841889268
-0.0985238888256551     ,-0.34841509003370175
0.6062791298716916      ,-0.3400348680909674
0.31921039282836805     ,0.6962553122490713
0.7791539123117421      ,0.16206292779206982
0.7747851327233781      ,0.19827150320432887
0.7869803100697368      ,0.20878328063996718
-0.3034978037612252     ,0.09272285775003059
0.5691968968298751      ,-0.32385093518944075
0.7794728529381909      ,0.23000170974165196
0.6149127067871589      ,-0.27307408406883715
0.7956735407762787      ,0.29946071254761997
-1.283416231761489      ,-0.7958000958611842
0.7895353462725287      ,0.30468332332910975
0.14840417231449343     ,0.24617577256677042
0.296863127328153       ,-0.8507449087885297
-0.3874164298348135     ,0.704645944415866
-1.0162593026213713     ,0.14834200322466545
0.21531134337965574     ,-0.19285592539869434
0.7221938444774769      ,-0.0842466875775687
0.7598075223965559      ,0.13263985643262116
0.5764327189542686      ,-0.2937562371625524
-0.7435465385365123     ,-0.06956817555695316
0.7961176311290878      ,0.2563807279643876
-0.3104315527842046     ,-0.7164419119273515
0.5901581632911106      ,-0.36951409150383263
-0.07122947750639241    ,-0.21108969152956103
-0.16272759629624184    ,-0.44532678018410665
0.7714292819683948      ,0.21335310850370875
-0.8494988727159257     ,0.5422724521177507
-0.13922971861392958    ,0.601614131360956
0.48868923083594784     ,-1.1168450930206604
-0.5502652734531019     ,-0.21242600695293257
0.05689146097398412     ,-0.3049906226110074
0.7035605520152093      ,-0.13086979505299
-1.028775253558796      ,-0.007638777287548082
0.7814485546151346      ,0.1747488384678646
0.24316372214974658     ,-0.39643771432239716
-1.1786591661643593     ,-0.15237283156865344
0.7981489286152463      ,0.21959702716599158
0.6957990243529584      ,-0.5142323239300766
-0.3715413902656547     ,0.8380016322226025
0.6219135052743527      ,-0.276720260984637
0.32831781914594815     ,0.08892917483831175
0.11841409100858358     ,-0.49083603971934364
0.7264913382860885      ,-0.07755167170004451
0.1472649094434172      ,-0.36035962657715914
-0.2511681362537494     ,0.1482254137742529
-0.5947043964790237     ,-0.567110494754248
0.07380706449243402     ,0.1374503773061203
-0.4223863010458647     ,-0.048301179840555986
0.31724047520589027     ,0.8592970537162279
0.00485465169467636     ,-0.5876694586332001
-0.7127382317295767     ,-0.5317175234178584
0.08375266805486259     ,0.06679537881426334
-0.15862282727081023    ,0.4812805809698675
0.36391426345349087     ,0.8260463539082091
0.7444389639297362      ,0.09790050495463493
-0.8271405863771373     ,0.6017500259236271
0.6187106512286349      ,-0.7318918492456983
0.7889271670548095      ,0.17314290360344387
0.8086952753682171      ,0.29509372028690106
-0.3554120025285136     ,0.1407066044805078
-0.14196252931674957    ,-0.6211381946695558
-0.3442724609514472     ,0.869642638519128
0.7671807195856455      ,0.11179368152673747
-0.2564155113380633     ,-0.5132015602534343
-0.373722286711539      ,0.12345662469862778
0.3525094143559062      ,0.8245909415505641
-0.08052360382522022    ,-0.2584052042694728
-0.523539275538809      ,-0.43406206095670885
-0.7178209422355679     ,-0.9478442271027958
-0.540384998342729      ,0.3179225269939123
0.07405252998368672     ,0.15406067345231667
0.6140704182562453      ,-0.29765999391901166
-0.8434726453940828     ,0.6507515253131366
0.5891028886832679      ,-0.37360382914701484
-0.8033940664124108     ,0.6960102233025618
0.765319605315089       ,0.12153882902006335
-0.7174244416117599     ,-0.5854844157763506
-0.5599293317815229     ,0.26934092303526036
0.775149204814664       ,0.13145505540931474
0.7595216650483276      ,0.10579587669582541
-0.3758210386809964     ,0.007187566793683764
0.3155800043776683      ,-0.05631630551127503
-0.8140482410306166     ,0.5912282568864706
-0.9004538285829903     ,0.15850884911544394
0.8712357936537751      ,-0.053934452125137866
-0.8668269392004471     ,0.4076537362649347
-0.8718134175364043     ,0.46866099388404553
0.5858790167602517      ,-0.3345607889783242
0.7698360085539997      ,0.2687014397714821
0.2979962217207688      ,0.7755000933569058
0.3463914357250677      ,0.8864549988623361
0.32996465671585107     ,0.7896473834913849
-0.5981686258048087     ,-0.9470490502557187
0.7633805496139101      ,0.11119683327072954
-0.5483626181709742     ,0.2881292012001873
-0.5287504156075845     ,0.3746983322032565
0.24693325527777787     ,-0.3946212868321066
-1.341017203231535      ,-0.3929753900451607
0.7235615794437416      ,-0.27909388770121546
-0.363551342986575      ,0.790410287042713
0.35030396746051407     ,0.8674933350086059
0.42701785330896247     ,-0.24924655357544823
0.7302025251749418      ,-0.03919446197039195
0.7976319652177486      ,0.33926905994064877
-0.3971188647717533     ,0.6164409828674717
0.295275830224203       ,0.6786619035317494
-0.8874470175077898     ,0.498126840840416
0.5879749931882254      ,-0.37729584477997313
0.6093436561464805      ,-0.34158349226322937
-0.5649852960764393     ,0.1336222796932186
0.3414705955275492      ,0.8501825968211942
-1.260550071126016      ,-0.5186244562510208
0.13477370774481845     ,0.2693748034716962
0.7762177579227227      ,0.1794180434773086
-0.6845500105057503     ,-0.8680469458627071
0.14801303159662527     ,-0.5040719797289985
-0.8385367076058109     ,0.5434513674584195
-0.8867395666547913     ,0.37409603336072433
-0.37271983409896636    ,0.8251461166992056
0.3444408572811831      ,0.7822797111760751
-0.5791450552245162     ,0.2119734928192539
0.7920013293529582      ,0.2717585614367366
0.11381815112310467     ,0.1451880875535913
0.31537234765936306     ,0.7567759621698568
0.3467103799504534      ,0.8354569491758175
-1.01072440769383       ,0.1531099432966314
-0.5198934208032752     ,0.40122367578710155
0.6030320273267809      ,-1.019427629010969
0.5916104214230913      ,-0.41240411295694857
-0.5339176990916266     ,0.3417267118107019
0.7658434109440033      ,0.04267002169015682
0.10431065392683425     ,-0.6134189607352931
-0.5270916519528085     ,0.34819292839106075
-0.8623758781919604     ,-1.4353826584770917
-0.3564608928829554     ,0.871544809033442
-1.0445453861521434     ,-0.020884090772845365
0.683621585368271       ,-0.6108108360822548
-0.3872163481332425     ,0.903972519566428
0.33867679358521074     ,0.12282134594868538
0.6243053168376878      ,-0.9823537657617991
0.3640224216779109      ,-1.5688615951686968
0.6130294358684192      ,-0.21144787426484468
-0.3512459862317015     ,0.8519019144299618
-0.08752864959481754    ,-0.2393052328045956
-0.8199385893044743     ,0.6434185549376755
-1.0426208229794909     ,-0.029062455609371318
-0.060434638786206585   ,-0.1893174540124446
0.5968418530157584      ,-0.33958957159943737
0.7940360766628927      ,0.35911632588982534
0.34158412196202514     ,0.8589466877039464
0.7146447165148309      ,-0.2692311489042608
0.17086851154177995     ,-0.7333056626676204
-0.5771298411904316     ,0.5512437899345106
0.09460984069197287     ,0.3134130141160171
0.7566978298394049      ,0.14688260789831764
-0.37199847624552884    ,0.03559118654750987
0.3270138580660583      ,-0.020639560735568996
0.792807908606616       ,0.20729323947519318
0.340263916424814       ,0.7821375487545074
0.7478438919274386      ,0.11989709261323334
0.8078625608211782      ,0.2585286687945893
-0.34630467841525       ,0.8847374790805145
-1.0677120905793975     ,0.12782785435796923
-0.1826247619936755     ,-0.5694648181769286
0.7399699206181707      ,0.07225106743032877
0.31373884176650135     ,0.0188666112623998
0.16918808621822823     ,0.2821424539548252
-0.09131871686144216    ,-0.3140396134269925
-0.3959172706558535     ,-0.012514131375853554
0.5665012182661093      ,-1.257003691004791
0.15231223948099237     ,-0.49297437016198264
0.7820428986624917      ,0.23623125798146308
0.1319607877220661      ,0.3895448797489907
-1.0513158376190153     ,0.08719581056394943
-0.3770686586020121     ,0.02021932681706462
0.7494947767297353      ,0.1526671388720659
-0.4516905365230001     ,-0.2548547823484396
-0.32696796201156386    ,0.9482204410152015
-0.8131208586370193     ,0.6881088143904804
0.08233315857042989     ,-0.03704920460831157
0.8005677299254155      ,0.29474346859286055
-0.9322524353802843     ,0.46892213524186044
0.3524915003537662      ,0.0831697441336578
0.34093960064613127     ,0.8393884480086711
-0.06376237822016079    ,-0.17858494459234708
-0.8112341156279617     ,-1.2994084610903711
-0.5050743121967572     ,0.3799088296297886
0.7977733896918089      ,0.25713174997170263
-0.06865440136963236    ,-0.13111570436388786
-0.5125556277114665     ,0.3421735996107315
0.31158145886281896     ,0.7472895386753049
0.4143250709297406      ,-0.6225336567250186
-0.08533659264254428    ,0.019967779330395397
-0.33737383214919714    ,0.9115719673030802
0.6270716164425716      ,-0.18679405528337922
-0.5539740411069006     ,-0.49889078418128807
0.09774880345794301     ,0.2704398944486174
0.584454230710683       ,-0.39518790684622107
0.7941628672561827      ,0.25558171832307475
0.7507732425827445      ,0.12431521176058563
-0.5796071622881277     ,-0.6967709023195625
-1.0713831937963936     ,0.022159637529007126
-0.5343880285864219     ,-0.18910696562298845
0.8070911974318387      ,0.3457857239925812
-1.1741134721369675     ,-0.6577120143143269
-0.5264944660001807     ,-0.4067272666795675
0.5793565392918161      ,-0.4271777077929152
-0.4292219731275324     ,-0.3615785127775273
0.30893543965219283     ,-0.045911877313660754
0.6722255629204166      ,-0.6482450569732003
0.16581432332462065     ,0.3411953524232218
-0.10315920002061069    ,-0.29178031688541184
-0.3912966346501622     ,0.6944822279698748
-0.5337977527646679     ,-0.3599683140789133
0.1984075043876371      ,0.6436189243870104
-0.3579581994528763     ,0.12898624418834392
0.6223694568378961      ,-1.060448646994187
0.7614878048911691      ,0.06850924192449659
-0.537201004071572      ,0.3738673003601204
-0.37433560714921454    ,0.015175603808564087
-0.9291007087063453     ,0.0030614764568375197
0.2322206673265188      ,-0.8631414378633142
0.1237293191027985      ,0.14212774146093282
0.7963500796925671      ,0.23033430556280907
-0.7791347049117523     ,-0.05443241954312622
0.5809814692006068      ,-0.4685330208428242
-0.3499687774527378     ,0.15216136513587064
0.7779171841287629      ,0.1623816539066536
-0.6813775096090827     ,-1.2614198768278793
0.15254017315811763     ,0.31774278216955487
-0.7463508300356627     ,-0.8299004468196558
0.22756551371108846     ,0.561951824677614
-1.156264803403678      ,0.1650517907459355
0.637923710794803       ,-0.9964760834740998
-0.5112126423376164     ,0.37410267161927196
-0.5007269363941645     ,0.42248365180142494
0.3087659009856566      ,-0.6789394963609934
-0.4096192989663002     ,0.6654918089048031
-0.3900841982998503     ,-1.0767735149336797
-1.4053808960456946     ,-0.7848391131211787
0.35387772005082985     ,0.8380562265578447
0.6079745376119474      ,-1.084368386052333
-0.8011823086680302     ,-0.14295746855792302
0.04366157627742717     ,0.02468192810649289
-0.8252379252897868     ,-0.5398789656516643
-0.1389293381385477     ,0.4592935633594381
0.7521741633742145      ,0.10101643627170592
0.30827139559698824     ,0.8069888668482506
0.2741340986853986      ,0.6194090431150034
-0.644354399722453      ,-0.966696939458281
-0.0866322692478711     ,-1.7098392231824404
0.6012549936205951      ,-0.29023318848835344
0.049291585898464274    ,0.0029144961905318567
-0.46596182938524744    ,-0.5824274428536051
-0.8030439359722593     ,0.6588885366956482
-1.1097572415092078     ,-0.5260312667467155
0.1499443243673093      ,-0.49172505313176273
0.7593121679473349      ,0.11596220993201689
-0.5394192666829197     ,-0.16706438537990642
0.8789847161216087      ,0.008811261476061483
0.5999978006774433      ,-1.0951672826797985
-0.9694516515310005     ,0.18644793215395755
-0.5800634894344735     ,-0.5040811814294228
0.34233247300171976     ,-0.7479471749456661
0.3203645875624498      ,0.014265080830103916
0.6751889094279009      ,-0.30689204370039636
0.6383189191096397      ,-0.5423782890708052
-0.5457953333254689     ,0.32504144789759487
0.7725647013104013      ,0.2242792880006243
0.05690887770587982     ,-1.0971464345468758
-1.141599038674568      ,-0.14547041525780202
-0.6521494373932104     ,-0.4760185170165102
0.11954702571884379     ,-0.5200339042934456
-1.1971808454788042     ,0.01061857203978106
-0.5141005675836973     ,0.4175002973771726
0.35437377688421556     ,0.8606775753434281
-0.020518754202902945   ,0.09789042965201505
-1.4966993793958383     ,-1.0359719486566807
0.1438984682882558      ,0.19546704929422506
0.34081208374315175     ,0.8297916913348314
0.5166155758769533      ,-0.41457871583142436
0.8753643554055959      ,-0.12805785050790874
0.12138286773775253     ,0.1973925943046401
0.09357586604818724     ,0.41668839392190776
-0.5427769210610948     ,0.35790106149246237
-0.6262043561874561     ,-0.5945113404247957
-1.359861963473893      ,-0.7918554074204303
-0.5056508922433074     ,0.4102996265620383
-0.9909624251232855     ,0.15476102216574467
-0.5627251751477251     ,-0.55850093777242
0.7297652924401739      ,-0.7939428568097535
-0.059020503035861926   ,-0.07574465890914861
-1.2036792202883815     ,-0.35965365846379527
0.758965726441488       ,0.16965743113012682
-0.37047306288565496    ,0.9286566131285119
0.15601804475374614     ,-0.4678992046975402
0.06144973867620507     ,0.14213116033250384
-0.34650633387679103    ,0.8419474383279015
0.007587607697397636    ,-0.9822265170173159
0.4180356067697498      ,-0.6120919186038651
0.7868895448085771      ,0.25633598943897173
-1.2979770444813017     ,-0.698427104035803
-0.9706312709674253     ,0.3807963308916614
-0.5595027854122276     ,-1.2915436964371971
-0.8863826780593789     ,0.3924282170049991
0.7956507532959751      ,-0.3828714233146162
0.6201027559816721      ,-0.1950487169263807
-0.5334216955859523     ,0.29823731845893137
0.8107249240752086      ,0.36478263030479596
-0.6478621061766119     ,-0.15156898844367306
-0.9157856015830659     ,0.18461508227292195
-0.33236476624624095    ,0.9246340683450986
-0.3560102126261231     ,0.048240092399669476
-0.5328979453106629     ,0.3399599387853406
-0.4686163760895373     ,0.286917660610325
0.3257636714515576      ,0.7812753229716842
0.32887102286249825     ,0.8011545564771546
0.630677089122101       ,-0.18078515727106725
0.6922875802943493      ,-0.13147278123601802
-0.41406056496614335    ,0.7383693333167342
-0.3563736366553364     ,0.8272311192037753
-1.0480346987372937     ,0.2695538262588659
-0.08186903473338153    ,-0.29512453570512787
-0.09745319706941508    ,-0.3579586209312263
-1.1832663280368865     ,-0.15095347946993365
0.632551137751679       ,-0.24733263701134256
0.5842379173018628      ,-0.41915826877063955
0.7741669806506495      ,0.2238225810116292
-0.8328297668964506     ,0.5781209508243356
0.7757967820618148      ,0.04586403580776244
0.20283448317106367     ,0.6978105842875896
0.1298604440182789      ,-0.32657642136505116
0.38955744712901075     ,0.4677209676431059
0.3442028421005754      ,0.848064786186495
-0.4030889774498872     ,-0.8972861409367421
-0.5564367131000281     ,-0.3909200681636178
-0.569709177423991      ,0.31530907726148827
0.1735096780530746      ,-0.4592346710516103
0.32234076904762776     ,0.7929498347908104
0.3503578338906651      ,0.8813703156763603
-0.5977063826881417     ,0.07072797071360393
-0.8220675580759038     ,0.6517092708015757
0.6217528335918217      ,-1.0169537707670333
-0.5231896108775955     ,-0.3963846567194462
-1.0217460016935749     ,0.03904076689071173
0.06721084769222696     ,0.12158856537552554
0.6019387418028517      ,-0.3579304625759123
0.7999114008116845      ,0.3510547291259051
-1.004674980418564      ,0.23102837479422939
-0.5596419924711944     ,-0.4626370228697093
0.1611967098826197      ,-1.2299163221324665
-1.0058249888381632     ,0.3179214210160643
0.5578285209544114      ,-0.5141816688543289
0.684412434151001       ,-0.3718682768760616
0.8046791345745223      ,-0.3841991008097677
0.5761101488678348      ,-0.42970814499405374
-0.3452078750458228     ,0.14191089938397927
-1.0359250777637863     ,-0.05297706016201248
-1.0790584790482973     ,-0.10174388116350808
0.34122225159558406     ,0.7897036075413677
-0.7357054936615697     ,-0.05290950851505666
0.34478651608493693     ,0.8265989900187678
-0.8096631393998177     ,0.6670966581979458
0.7664597290650075      ,-0.6188438132729717
0.11425660252789716     ,0.3889111090907599
-0.9885978225901357     ,-1.4868820676934973
-1.0804364551217231     ,-0.44860441049089583
-0.1254037676225212     ,0.5626010876157086
-0.5054162324023909     ,0.43330927082446785
0.7996709155140622      ,0.3264268276187935
0.4724219690811493      ,-0.738043709166935
0.7880194768214968      ,0.25326314257600746
-0.734901654528445      ,0.10864192370303322
0.8202655739541767      ,0.3553390103545832
0.16057206597124962     ,0.3339445536753501
0.06861113952398579     ,0.08209021632797653
-0.0924150392557419     ,-0.36039426200102187
0.6303823536656077      ,-0.15524750699347445
0.4499408065171152      ,-0.5133180156039985
0.12557624358474906     ,-0.6310421211008737
0.15264976304936617     ,-0.36929534749690374
0.7155018377273288      ,-0.48720063945173253
0.7002448006738022      ,-0.4503863522452143
0.1637912848790335      ,0.34840200473967925
0.13531944804456109     ,-0.5151541314142717
0.6260244865721913      ,-0.18043199495901674
0.8257649252598822      ,-0.4487338825272822
-0.8605035922993797     ,-0.7566823312215227
0.13079414409947132     ,0.17623398429593762
-0.8331734604333267     ,-0.7982372453660205
-0.0681450379485159     ,-0.3461852630336927
0.8094686105510029      ,0.35687617218881684
0.12298294144295296     ,0.366038718556409
0.8134110565154342      ,0.2816197290750393
-0.42790823428791536    ,-0.19446410271298653
-1.140089822943938      ,-0.815434438788746
-0.33855229113935553    ,0.9083954622012049
-0.5574858859980661     ,0.22103573888426442
0.7901843616878717      ,0.16616487901785693
0.49994913932549867     ,-0.819262725513562
0.8059909457047358      ,0.2428828710006399
-0.7376342925110144     ,0.1664862042414353
0.12807888901474584     ,0.42501596677690684
-0.04379040311594279    ,-0.059583184422747126
0.24400709026791068     ,-0.02121517239714754
-1.0137599720934936     ,0.04756909018732258
0.7927944957550244      ,0.23756720671540385
-0.5939987650874495     ,0.06837512695144154
0.13401264172107052     ,0.3501260801524759
-0.3611200959550942     ,0.9452111359335967
0.2013836988555997      ,-1.0217523211093753
-0.5389332456154847     ,0.3492278039038401
0.7876770169848881      ,-0.5488194810843067
-0.5373433849540841     ,-0.44672843131215645
0.6027205026482865      ,-0.3343325507331979
-0.9874349427826659     ,0.13968729581739187
0.693833330102624       ,-0.170990943215945
0.7926555090396963      ,0.2819658813557825
0.8899228438200923      ,0.03274271009529944
-0.3626917872958454     ,0.11190451543343877
-1.079463500393628      ,-0.3606274993483669
-0.143528267407725      ,0.4876439835318833
0.7973244243702771      ,0.23089487179929807
-0.02541972138667814    ,-0.07995503452181585
0.2229730405390914      ,-0.5207496817908533
0.7300413099148906      ,0.0007706458199687738
-0.3651585951499745     ,0.8810038897447859
-0.5213865203714434     ,-1.218180481757047
-0.8288800208204367     ,0.5681672110589411
0.7664388718237765      ,0.23919050102749725
-0.48851552227426287    ,-0.16703139883031604
0.5225880181072107      ,-0.811573378444659
0.5858550923875909      ,-0.2951080405463429
-0.2042423405701061     ,-0.29577162779250454
-0.5743488052660465     ,-0.4543017984817389
-1.034188185433082      ,-0.04036857076506578
-0.6176452812128346     ,-1.4917710469439471
-0.8555435187645769     ,-0.798840448731361
-1.0107641890433308     ,0.12670718114015522
-0.6744081373753783     ,-0.35796305808100004
-0.06711653978569848    ,-0.10923799591653383
0.06554617106179006     ,-0.5696708430734865
-0.5779869075513765     ,-0.6485477026958038
-0.9894686516075913     ,0.1775318614881357
-0.8742576511694808     ,0.2737617171178205
-0.5383837586318255     ,-0.334512444645244
-0.5860306244463266     ,0.44884277921281357
-1.0555293855414103     ,-0.038439731094196516
-0.5693937500194629     ,0.13900610733323682
-0.7023523788709293     ,0.39154649841305933
0.12224618130542764     ,0.3183315602878151
-0.38719469009978047    ,-0.004835496326161315
-0.8155624943454001     ,0.6393522158031603
-0.5143852614749426     ,0.4434636199898748
0.515248018770674       ,-0.7315003522020316
0.12040309092051116     ,0.39095157636407246
-0.9922629970219892     ,0.053554408717091384
-0.5258425781992969     ,-0.14488382362357555
-0.8506447458215851     ,0.49351569566488057
-0.37054863699889623    ,0.09872284816912907
-0.68697350988256       ,-0.46288956917426527
0.8139385613459216      ,0.35007885003434625
0.03247198324500544     ,-0.3790794625022914
-0.35376328264455914    ,0.8055601646112425
0.1428210158470563      ,0.26737743665895997
0.6333065503403661      ,-0.18759689546797487
-0.8907247747089866     ,0.111570868330646
0.08637240803666202     ,0.18154433558633531
0.8015074189363556      ,0.26522569081695113
0.7854887273371116      ,0.22561863599812712
-0.7658933276105574     ,-0.14319437968930349
-1.0488800417613227     ,-0.055680265774760485
0.8634428661406868      ,-0.1435536494666485
0.0659412797137332      ,0.13728602186699895
0.5787836597797404      ,-0.5453656652191792
0.619918057222349       ,-0.014127919857507165
0.26637028385682204     ,-0.16902001501251063
-0.32070941457922886    ,0.08526215171154661
0.4617412897102098      ,-1.2893809695172376
-0.8368483258775689     ,0.6114394809260422
0.8052285562862487      ,-0.4831351236376161
-0.5638748619666423     ,-1.385995727527628
-0.5623358186103239     ,-0.5775545265075477
0.5759301990555943      ,-0.4945891471783377
0.09171530380102888     ,-0.619025694340108
-0.5429260662364495     ,-0.3669785429954453
-0.0487770222412221     ,-0.8466459841394727
-1.232723207019923      ,-0.18045474240667447
0.30734653192923533     ,0.6872141709288305
-0.9870695447959023     ,0.1171408411295718
-1.035684885353835      ,0.07122719943901756
0.09079203600985641     ,0.22446480570866942
-0.34042620572692417    ,0.13875150494256266
0.8016540343201315      ,0.36464265564368326
0.3361966763188676      ,-0.8706989587075231
0.34143975606421195     ,0.8704623668912654
-0.35231756336687947    ,0.14330394913801464
-1.0090865522230987     ,0.07419513481571405
0.08222430004588788     ,0.3421403967604126
-0.13632607402004304    ,-0.08813415218661536
-0.0009571954069467203  ,-1.1894110360538275
-1.0083480032178993     ,0.34167264844597917
0.8003999145240455      ,0.27273159323918733
-1.2212719460520596     ,-0.5802469515835253
0.6247907332090288      ,-0.1816683648948899
-0.4905099732231555     ,0.024533553624366822
0.5674323050969527      ,-0.4344235674525072
-0.787558302172422      ,-1.1889966094480293
0.30683563221997745     ,0.6898494910659883
-1.0339467161543525     ,0.3284812027479527
0.12933023530573662     ,0.13460557394881512
0.6229953467839746      ,-0.3096653426951711
-0.9810171999103754     ,-0.5194409951101643
-0.8340584424607413     ,0.5539446648015194
-0.8390205111333575     ,0.54368202690393
0.7992034641818655      ,0.2981358523219718
0.29261540418238086     ,-0.1623666088117629
-0.10685510034980128    ,-0.37106868488983713
-0.40452429609732243    ,0.6780689119473081
-0.9115918985653716     ,-1.1227525981255908
-0.56315348290157       ,0.2930955448351657
0.39426767215892045     ,-1.5148059274888608
-0.8423973307165384     ,0.5077418827092093
0.316015351994949       ,0.7517178769529824
0.33047360507676904     ,0.07983697083731722
0.2921095830609157      ,-1.2847961885072208
0.7787967747376772      ,0.2118309979056822
-1.0177503265556958     ,-1.6624768486777926
-0.5921582007132468     ,-0.5719459720700748
0.2933381464927547      ,-0.07179747173431072
0.8063066100170722      ,0.3726649185148586
0.7307656679412822      ,0.09174962628706362
-0.49024215277170397    ,0.5911598136326617
0.7896672439464447      ,0.21988637869593358
-0.3557282261221437     ,0.819259278089947
-1.4690378254149186     ,-1.1809771715922142
-0.6523754537362112     ,-0.5176074470625325
-0.7098701225996148     ,-0.7465567506482946
-0.9890839770475985     ,0.3854562724537934
-0.5332773733618766     ,0.37717623605093487
-0.039838168129258944   ,-0.15623690174276172
0.11754772250926082     ,-0.5961839783090295
-1.2958226700389264     ,-0.5667629398943508
0.5083723386097119      ,-0.7590681724626658
0.3496451073392327      ,-0.7636961740714636
0.8026616868411971      ,0.3363732186499203
0.7152249894546523      ,-0.5820863975628245
0.1723349427366132      ,0.2827366912106791
-0.6603096055812392     ,-1.0962611628683785
0.7608178293096861      ,0.02697696332138766
0.39957732718985706     ,-0.7070634190878968
-0.38527883371439553    ,0.7251513524170008
0.3084848585506972      ,0.8384137804549417
-0.3927626217256482     ,0.01190007056236747
-0.5201719970246081     ,0.4352538031239032
-0.346410918923728      ,0.9047120269043576
-1.1612153557155163     ,0.17249402027847593
0.7760565856017969      ,0.12308095420539755
0.3033883028352551      ,0.854194972468739
-0.362006434719957      ,0.8195050586787436
-0.04954276499860605    ,-0.14084535191647074
-0.5391845974744057     ,0.230648591832927
-0.9155728862628362     ,0.050714260258096444
-0.38350739006366125    ,0.9017687364338749
-0.36465000020869753    ,0.8217706799860469
-0.6482065102754173     ,-0.9377325066521429
0.8069048651409136      ,0.316954799817862
0.6081526478712032      ,-0.25049276796344155
0.6385369347023337      ,-0.17786381289279807
0.8368554974658011      ,-0.42431262762977784
0.5936850986469562      ,-0.25338126768744285
-0.33943697860974       ,0.8892033069867122
-0.6374319398209857     ,-0.9733120632671077
-1.0181969286264174     ,-0.3599623144365184
-0.8372885246183912     ,0.5349957857398348
-0.06557008199605041    ,-0.14050863185255447
0.5524485885391583      ,-0.42476919023111204
0.790905487893574       ,0.30238215415585645
0.8005134047398612      ,0.3546892608918058
-0.5122906070058951     ,0.3988158427010208
0.31425044764345955     ,0.007007616754938106
-0.519897046951464      ,-0.9502648471275252
0.8044970781676692      ,0.34088573222313895
-0.3448719894515106     ,0.8674548500430656
0.7783020936378042      ,0.2527125552954572
-0.9340609417216029     ,0.02850724526122206
-0.5347326664204959     ,0.057259221957004114
0.3051200254558777      ,0.6921288439093433
0.33622174912485225     ,0.7763637844596997
0.6289812988382579      ,-0.14563736192430365
0.8041734376024716      ,0.2489428388074764
-1.3657294740869184     ,-0.4345151076147825
0.5848862923866895      ,-0.3611110633172244
0.05106226939656722     ,0.12199436780165218
-0.9425621502968109     ,-0.39156919969264137
0.3169480035292249      ,0.7764129666414794
-0.8484736819875238     ,0.41647616715887414
-0.5578074668682687     ,0.15575146871656392
-0.5743160657252249     ,0.4522695232356311
0.05466646442873657     ,-0.2410131957064381
0.8161965176820214      ,0.3478346718698898
0.2534798420348552      ,-0.4651351392694162
0.032354468086992494    ,-0.0019362527230185056
-1.1771246648078508     ,-0.07087380946348121
0.11534759436659026     ,0.39852881619698116
-1.007450133746208      ,0.13784020345514608
0.31432255330862546     ,0.05442401994392371
-0.35434659976494604    ,0.805329743420903
0.3482850502822401      ,0.8728138920754442
-0.043322775214033604   ,-0.24140509343955074
0.6996127571893784      ,-0.08199155378732104
-0.7394781987903413     ,-1.0557590881314458
-0.9106914563416192     ,-0.7322624415477348
-1.4746027779035056     ,-1.0896207321437608
0.5664237891536268      ,-0.4527133672692696
-0.5075387893065656     ,-0.30600393652762714
0.7979011211239901      ,-0.5233316524187098
-0.19005202008213395    ,-0.792162323528399
0.7827977149176195      ,0.2505001238649394
0.8077994283656633      ,0.2045121450622017
-0.833305067386754      ,0.5961535423583956
0.3472223075008376      ,0.8445624792884849
0.8078725416203594      ,0.3362362016190148
-0.1018867468463655     ,-0.3328835482295185
0.7928927651508741      ,0.32200558761822046
-0.6347005021860275     ,-1.0421096405638304
-1.0613063841789145     ,-0.043471776225443626
-0.5269664558548535     ,0.3339597597985984
0.3213795551498245      ,0.7853901260666842
0.787729666286803       ,0.21628062662491918
0.346922347261888       ,0.8238211953368572
-0.8206023695168894     ,-0.1663024621370538
0.5622422848008906      ,-1.2398904186540722
-0.5345138030994953     ,0.3517780701515564
0.8142331566445988      ,-0.422320698796681
0.3317859095534146      ,0.844328127702615
0.8039880403707129      ,0.14502763991419987
-0.930320501500423      ,-0.3932201886127392
0.6154395715427035      ,-0.2426975822256564
-1.2313746743080105     ,-0.2760743587570591
0.587753123786837       ,-0.30478152029131567
-0.4531861940451202     ,-0.429044293462304
0.15260818617769134     ,-1.226566324240231
0.12586993947471425     ,0.40565358176107236
-0.5207100202589431     ,-0.308687964776448
-0.5782226466701942     ,0.39607299151893405
-1.1885199596948244     ,-0.21069069826081388
-0.17952928041082966    ,-0.7917425775816849
0.7729002314603488      ,0.2456299584274113
-0.9810942965048752     ,0.33398352671459514
0.7873628840266444      ,0.24232939377776463
0.5296845256084186      ,-0.6353588196374329
0.7935117931790194      ,-0.5405999605497397
0.7067414805732044      ,-0.22546922099743782
0.3848124342856135      ,-1.468226952752298
-0.6322199833776275     ,-0.6316975160030072
-0.44348477442362394    ,-0.11126400865209729
-0.77753363659514       ,-0.8793177062956843
0.6116814755751834      ,-0.2832998277936193
0.7551805089769097      ,0.0864963273726313
0.07769396805539008     ,-0.6112461920439258
-0.6949832786596883     ,-0.9095567389833774
-0.8038074119313995     ,0.7284218252871076
0.11530551696706537     ,-0.5955474851850526
0.8162380052391445      ,-0.36719866128175793
-0.3767088352707328     ,0.9558364232061164
-0.33634754556331503    ,0.8843346958483715
-0.5084281618997638     ,0.38552106771294226
-0.3817147136250048     ,0.05534510923614577
0.7754631363148377      ,0.2289622586876182
0.061036036306518104    ,-1.0497803349976276
-0.5506744566649461     ,-0.2757949785473103
0.7467537321810798      ,-0.023948364666656452
-0.8168722510828841     ,0.588672626469735
-1.3311809496175937     ,-0.9230885446987296
-1.2309550214126497     ,-0.2205331014015488
0.7576295672087328      ,0.10429632366231006
0.5111836176990867      ,-0.5195150747818178
-0.19710566850845923    ,-0.8957281289598529
0.6980639755180564      ,-0.6215280458307415
0.7417522483932473      ,-0.5565893758875841
0.31028073315698235     ,-0.09670929209290136
0.5931786741316569      ,-0.43378824261595816
-0.5497424741116365     ,0.2615230824220165
0.11311780319917919     ,0.09140922918817002
-0.36761374924626994    ,0.8841958534860255
0.31731525169370833     ,0.7070970591252537
-0.7580962164332573     ,-0.7811833812705757
0.11685447399242765     ,0.3639541149286458
0.7893023467781131      ,-0.5083201131136427
0.8538760983319142      ,-0.18925035080620656
-0.9983857246881073     ,-0.03525280725358798
0.5705154209099912      ,-0.16389407054585414
0.10751493513558008     ,0.08395207965024537
0.15313892184976796     ,0.3364123409483417
0.09529313439394205     ,0.2667533268602563
0.6411094263106669      ,-0.148868594578765
-0.832958929816483      ,0.5767455569261629
0.3445137560363095      ,0.0661193366170606
0.7632119498473213      ,0.14381774847535944
0.20363652448480873     ,0.061552371231611724
-0.8284230631687103     ,-0.19492885753826494
-0.04133422830619199    ,-0.9126430702389516
0.3373520526984469      ,0.8474479682164484
0.17934120450002766     ,-1.0755459572590107
0.3279052351535555      ,0.8159333170275342
0.8087616968367963      ,0.30404197006695943
0.7511878291997138      ,0.07731495274864458
-0.9885008633736254     ,0.172917495305833
-0.4190339956473853     ,0.49520529016964154
-0.845652899405102      ,0.5480259387422991
-1.3222871136228203     ,-0.9480602383246988
-0.24444891442834       ,0.6486518607582372
-0.8731918546139293     ,-0.8538343785570655
0.42296921653169184     ,0.45831760127825594
-0.3625338513881107     ,0.08497980198527533
0.7895567742065166      ,0.2727342567394155
-0.8400127867572147     ,0.5938289658185416
-0.37542775297426145    ,0.8919185125189657
-0.3616778726885417     ,0.862263321741982
0.24875948448926166     ,0.622194128182713
0.6213848413236895      ,-0.2342139354823607
-1.116557605295915      ,-0.1549528686146623
0.6074390831073906      ,-0.9197231960125369
-1.3808009897924336     ,-1.0906816412686786
-0.8422999370659048     ,0.5740001888253151
-1.4379064941132391     ,-1.0313547837867971
0.10491253240445764     ,0.3068514874675764
-0.748567498846835      ,0.3232616770808557
-0.5779369491189786     ,-0.6950550151190045
-0.841189103384828      ,-1.1093962262340382
0.8150780916094034      ,0.32359754842430805
0.5554222997296017      ,-0.5002325670055663
0.6554104840047765      ,0.10391081555436482
0.8210611065918603      ,-0.435384400307677
0.8051769094488235      ,0.322134163907946
-0.9882586612388055     ,0.16845334554703623
0.7105434262123909      ,-0.48934641972013226
-0.5206832077856669     ,0.3280620254071313
0.7988383010854803      ,0.34533805616784696
0.8135571632891911      ,-0.36285142182674013
0.8051883004758911      ,0.30617639571488076
0.7603162225899824      ,0.1189170777397125
-0.5970592196104234     ,0.05153740756914599
-0.5680402578414571     ,0.4681916291194464
0.2531930996078934      ,-0.4049634834067164
-0.35960657898295645    ,0.8171137461733028
0.6349362148174102      ,-0.15025887968461205
0.8073847915930639      ,-0.3500084929497389
0.7803336567073578      ,0.20603928485804807
-0.5442614599188346     ,0.41334682367202547
0.3243368016255792      ,0.7460460163877156
0.8042394108817377      ,0.37300969616501867
-0.5564864557017202     ,-0.4390143721149028
0.10215513730795345     ,0.05531073445181833
-0.47168055089243416    ,-0.32600173885961314
0.1269875328150195      ,0.4122942585838889
-0.5393221515691579     ,0.5626417409863247
0.7451753682636311      ,0.09980406549767384
0.6976340837348078      ,-0.5385012637964671
0.7998588192213998      ,0.289285272734903
0.7368712451828829      ,-0.010423017652408884
-0.9993652770645918     ,0.06618507422997355
-1.0080507340595943     ,0.11749729550731397
0.3307058287009671      ,0.8163785529217221
0.8224044611529706      ,0.31439597906939865
0.34425252465548095     ,0.8270148045013562
0.33487469880649845     ,0.007837039610151031
0.6940939991811339      ,-0.6379997912780169
0.8109526182792555      ,0.3374256517212087
-0.84458254380065       ,0.5914562849841211
0.3342497510542878      ,0.8303548611527485
0.7808146769283135      ,0.3039179722632467
-0.31924939516717493    ,-0.6740395799991687
0.7953825074449479      ,0.2017915513153709
0.5331116664626661      ,-0.850577329460867
0.21441431401054833     ,-0.8667632985401996
-0.35285949535781785    ,0.8653230532179212
0.8036119133931028      ,0.3232517452148166
-0.5177513555526561     ,0.428052624751034
0.7921096002827948      ,0.3076574016542709
-1.1647219649280984     ,-0.1654577219793928
-0.9865063808122577     ,0.11275226072329303
-0.5501109792646657     ,0.24689728936276092
-0.5503494748792388     ,0.2186438405639781
-0.10415794098023484    ,-0.3011315472224809
-0.9954745333808879     ,0.07791025974207155
-0.07811834834100417    ,-0.12903287618773562
0.7678684174323456      ,-0.09043981540166002
0.3293363188927452      ,-0.015470556686654036
-0.5270590167754298     ,0.29953210140028697
0.7898477395334591      ,0.28190881557667846
0.7407309738648757      ,0.14095876717708805
0.6217286876461643      ,-0.24838182828135014
0.5678345489065197      ,-0.40489166580075087
-0.07355961638285885    ,-0.6409481242421922
0.1928088914400634      ,-1.1500726919445643
0.5307936138355256      ,-0.6842083518183439
0.5625779948407721      ,-0.370232048939823
0.6129530868362969      ,-0.2885434297154823
-1.2011692966523264     ,-0.16429984494058802
0.3136707605167012      ,0.7603759048437183
-0.5358244306390252     ,-0.4269936566418179
0.6364789266344932      ,-0.16238123152737183
-1.1457873138658412     ,-0.12131486685257964
0.15755342641531556     ,-0.4128793391845256
0.14687819489614673     ,0.22298052061121998
-0.9752299870584258     ,0.431474006860191
0.7794466462721708      ,0.13226345679578455
0.7998695425054159      ,0.36201947553036584
0.6435308477064721      ,-0.16841923753708465
0.8828427847058844      ,0.00815694837180031
-0.36181830959846073    ,0.10252162832970402
0.11494571114512642     ,0.3687920847309263
0.7851068959971914      ,0.2664609999508901
-0.3339382483612132     ,0.8894587291143303
0.12950014512604413     ,0.25546147006471837
0.8764102211085851      ,-0.06802915391137876
0.5610823850362527      ,-0.4514152476267844
-0.5046434556237668     ,0.39279728104745415
-1.1503946589528047     ,-0.23208401945149382
0.31484656964182367     ,0.6736958368857049
-0.49014284168993594    ,0.29237254507484445
-1.1005098189069882     ,0.006040846891894269
-1.0328547012841633     ,0.1669902618512703
0.016497067832186296    ,-0.04567659768608401
0.7260920354394305      ,0.023126465885087988
0.6397522629083894      ,-0.19177916734943545
-0.5162437028239556     ,0.3402238606182241
0.8063542009089253      ,0.3136295185955835
0.7884572048052596      ,0.2843949810948066
-0.3614265662793956     ,0.8455354763128249
-0.3931233200356961     ,-0.017095334582338917
0.608611106038083       ,-0.6551817074106352
0.5931395395619026      ,-0.3894183486621208
-0.6317791590377583     ,-0.22236418839419259
0.7695520925185295      ,0.04032411096306676
0.3260789910170606      ,0.8299875489757682
0.42022506283646277     ,-0.5875480414714918
0.7607538900288497      ,0.06946284528731128
0.2708172347337081      ,-0.24290776919918922
0.18072164481250086     ,-0.17206404388036323
-0.3571912553883363     ,0.08685508999937958
0.571098868606799       ,-0.4267491131865304
-0.5166869772856189     ,0.37199515809694017
0.11274382520580128     ,0.10637718803290264
0.1695526871471036      ,0.3296428440820302
-0.5079898241326037     ,0.4016153503838152
0.9079928612652144      ,0.09188912539943944
-0.37307308140435136    ,-0.11284605713675133
-0.8816954313715416     ,0.4519996124903349
-0.6325300384928095     ,-0.5727668396768861
0.5808468007176353      ,-0.4040338414306205
-0.9183814379483954     ,0.20396066665096135
-1.241995925130059      ,-0.3253056700287722
0.34885272842927606     ,0.8151218706823787
-0.5567202712371659     ,-0.4847860812613741
-0.16041669093973665    ,-1.1495758493318098
-1.1059449435274127     ,-0.4277942627959006
-1.0216803605106801     ,0.03180387116615574
-0.8453369332645366     ,-0.33507178149465666
0.6057535231439666      ,-0.37746856063785383
-0.8570972770264493     ,0.5765511698140162
-0.3247084421927573     ,0.920440818214141
0.34264377281752634     ,0.8906652646358696
-0.3478832098841602     ,0.8457257881989977
-0.534771224463237      ,-0.3498265224034439
-0.34627579578474144    ,0.8710113841867306
-0.6366617010485722     ,-0.7306864998280449
0.336993237196044       ,0.7621991456336107
0.570839144330993       ,-0.24483551789823665
0.5980307703801857      ,-0.37481857729779067
0.7136116282257523      ,0.08683869380983333
-0.38303737417298456    ,0.6671795593942008
-0.5163011159756442     ,0.37009944027997965
-0.3826784549474892     ,0.7178241836280213
0.6321878839473405      ,-0.22415564732381088
0.6118943985456142      ,-0.2083145888460337
-0.35796805320200736    ,0.9060314481803918
-0.3230676325588112     ,-0.022734488360009908
0.21614161145483168     ,-0.45357108843232563
-0.9995931871280705     ,0.0987617590590294
-0.8619270030356695     ,0.48067797661693057
-0.6396864001053795     ,-0.24778096866202692
0.1289684335715826      ,0.11534553555584498
0.14962121099565373     ,0.28228725982877056
-0.8033111799889447     ,-0.3048575731496782
-0.684838547276588      ,0.1419114297715141
0.7870924402128217      ,0.2390229406467748
-1.0373317959214934     ,-0.05173377865064255
0.6177964527008646      ,-0.2962773012216776
0.8012926346666496      ,0.3316466731917195
0.1586036513925776      ,0.2786611289782088
0.6871754015044291      ,-0.6547327612305363
0.603397204182903       ,-0.3116132816492797
0.34315859477360267     ,0.8384408021239179
0.6147384200778458      ,-1.0071287024231057
0.055202364197561304    ,-0.25083077599015147
0.11424344283583387     ,0.35610668521351113
-0.8838387765115239     ,-1.02391859958786
0.11887491788005677     ,-0.6669871827171499
0.7577346504146438      ,0.0894467041085048
-0.3838736319929451     ,0.7762788994068411
-0.6331317970821378     ,-0.3817841951270796
0.3116380392512027      ,0.850963466056488
-0.582208407983597      ,-0.5450717579802812
0.8760956547310095      ,-0.04470355307576329
0.8315434153194752      ,-0.3680116504258687
0.1059855929105522      ,0.12340881896915712
0.6165650431699039      ,-0.2766519386403895
-0.9824977230467393     ,0.2025751156870915
0.1417067235916981      ,-0.614277786468463
0.3956723787452815      ,-0.6748310816594532
-0.8485194423751287     ,0.5188887699694453
0.6058895993489746      ,-0.2776567315209708
-1.1599218356330248     ,-0.06498710049590217
-0.052075810223229824   ,-0.12764852794582215
0.803069480912658       ,0.2567559785167638
-1.1499588538373324     ,-0.1242564200533427
-0.6055588041782889     ,0.12093835907750733
-0.08582637571687474    ,-0.18439575384555174
-0.398034059522809      ,0.758600786774044
0.6181948810829307      ,-0.2700074169265537
0.7893134962621842      ,0.27099215651156905
0.8062653395136439      ,0.3070011004531134
-0.8420604094637136     ,0.5095489005826455
-0.515396317792034      ,0.39335467300527094
-0.9652705948566321     ,0.060171713825323436
-0.530948552976935      ,0.37187578240950697
0.4442252959861531      ,-0.44037460820653984
0.37608050099942714     ,0.3300456688995792
0.602232200283354       ,-0.3003332336380944
-0.5765941635381547     ,0.1952358917379985
-0.08346806276220942    ,-0.1606092679528146
-0.5699586954935715     ,-0.530812131879284
-0.56472240316774       ,0.49490725647055966
0.5709397695902578      ,-1.2480842777461545
0.12347275587290574     ,0.37634255300615116
0.32886922087242043     ,0.7450913817201263
0.6201690995311158      ,-0.6994706733701412
-0.7515508974432282     ,-1.331586945640492
0.7568323183578256      ,0.051616378581136046
0.31557330852459475     ,0.7320698382579554
0.15724861396741852     ,-0.41961921442873207
0.3543238706775822      ,0.07720663216449392
-0.8652272876812124     ,0.46797409949557334
0.6072695579387895      ,-1.0503626358616398
-0.8145586284031818     ,0.7098753486215315
-0.9327985175208364     ,0.1035449897867371
0.6082023615235812      ,-0.11495027488867038
-1.0011062365062826     ,0.11842913592017157
-0.36385126239856724    ,0.11654521004853702
0.30677548172837266     ,-0.057972976468817716
0.7840610175085696      ,0.18535729554726682
-0.8183155176200412     ,-0.6623042662717498
0.1528497632832766      ,-0.5319544246604543
0.78643694988013        ,0.1627244845384248
0.30035078101757584     ,0.6202939241981305
-0.08916021741907154    ,-0.2103211478664172
-0.37861719330474886    ,0.7772003935860992
-0.06356724826988158    ,-0.12112849138816961
0.3540750246926643      ,0.7946920312250256
0.8176967887796973      ,0.2791554850723891
-1.0292368808188284     ,0.12121452977869429
-0.590205133666103      ,-0.5336614447208258
-0.365998015206914      ,0.7756422370937861
-0.7575881940598248     ,0.20661861658677605
0.5889538180596905      ,-0.42022381498054995
-0.7287642858048512     ,-0.6841526122732702
-0.3674315357109722     ,0.7862921902484921
-0.8562077140950162     ,-0.4083088859705394
0.5453107522822092      ,-0.823254705352936
0.34354174730544196     ,0.020717615953047386
0.29808552975707914     ,0.6786340804745601
0.32426636224785954     ,-0.010277522691726881
0.10296430163005577     ,-0.4375949371402865
-0.8294647222802307     ,-0.7649704897336989
0.09606132261968481     ,0.009511904967214102
0.3413208455076171      ,0.8829455506481209
0.24437237422139413     ,-0.49786510088157876
0.6275819690386755      ,-0.12173245137219002
-1.021202656353342      ,0.05338248919257593
0.11638645957478799     ,-0.3627483680135859
0.12551468133561972     ,0.4261255492475651
-0.838791512608887      ,0.5948208719383944
-0.8487865449550871     ,0.47405736849145236
0.6186374329728042      ,-0.2462896510738255
-0.3917336555037737     ,0.03151561983731832
-0.8232801595589168     ,-1.1953089317069705
0.7926126363187309      ,0.23126629122140593
-0.5533489734970667     ,0.41059867907794967
-1.0327832440276663     ,-0.025462085990020422
0.14646891075354662     ,0.21760778733671327
-0.07847490820442515    ,-0.20521075717538284
0.33865097547392486     ,0.8411413137000558
-0.8307072127881405     ,0.5794107856702004
-0.3575432068674442     ,0.11937477696691767
-1.1296136446549685     ,-0.5474841982855352
-0.3502838386128575     ,0.8603900394364654
0.3521971567835993      ,0.8285081183167831
0.23921735122027443     ,0.27951272088549967
-0.38925201237585527    ,0.7112970056317478
0.13385508125810608     ,0.22965390919942627
0.32537624545913846     ,-0.01151061266811454
-0.5436874714060365     ,0.28382881501292934
-0.33433225133864275    ,0.9788507860589921
0.1328499907955425      ,-0.27255920350100304
-0.43519190346841213    ,0.6565216770326414
0.3876896337122846      ,-1.4742436958707539
0.16505046018667213     ,0.3784522827158947
0.515530805433188       ,-0.6485342281884352
0.29825119737604733     ,0.8268078049547596
-0.8661426267577559     ,0.44451943318068926
-0.583193013676315      ,-0.48440269032178174
0.2539436198814361      ,0.45860819194115404
-0.5537832425179943     ,0.3298227012824036
-0.9152318448329724     ,-1.165593550472795
0.33470813128430177     ,0.8077100742442269
-0.2567925611125958     ,0.5894032666835058
-0.8228480289542321     ,0.6362441518362322
-0.5165651979689446     ,-0.6803467355145256
-0.4326261921400898     ,-0.11226062571381479
-0.5333127681715161     ,-0.10959791491324877
0.16398819042038548     ,0.3679658687567119
-0.6463384677838809     ,0.3001746736072235
-0.4627489020136253     ,0.26869397948941615
-0.8464646680054997     ,0.6326680428751491
-0.09526734233402184    ,-1.2786663778056582
0.7783938257540219      ,-0.49683680341197933
0.8629866390269489      ,-0.16891908311494852
0.6127834080803021      ,-0.3653706216379097
0.05545188185097205     ,-1.035346597780456
-0.08285367114636599    ,-0.21009257417765825
-0.5213820584743071     ,-0.2743010625909815
-0.15530199950980494    ,0.44673015496202073
-0.9983395169544641     ,-0.7542481213683465
-0.2842389359657258     ,0.41872123610445755
-0.561360226374891      ,0.16865475123829538
-1.0909075009742613     ,-0.37119363869475464
0.11068665272653289     ,0.37458769578646145
0.7940413309694789      ,0.24916097526899497
0.592502697688633       ,-0.3633990722111664
0.7566520808450821      ,0.13037579646325465
0.7790920377193675      ,0.2576682723215947
-0.3309370179011992     ,-0.5354216851505956
0.8048631841887575      ,0.28804533188258297
0.3412823832905967      ,0.7814634030397241
0.5676476284034089      ,-0.447518070409883
0.21455755023107126     ,-0.053511087600891905
0.3283040968034726      ,0.8413321166801822
0.332166552014756       ,0.7863580329591455
0.18687760021182032     ,0.6364708968541436
-1.0845636872179232     ,-0.3316031416587505
-0.41193606497426594    ,-0.1382495934886233
0.11114879969143443     ,-0.6269951930918005
0.6142259084322899      ,-0.2756372534689865
-0.6831826120989564     ,-0.3038423480382417
0.32480162577436067     ,0.7360754850205147
-0.3543561411014464     ,0.8788793422990338
0.006788538962340995    ,-0.515521425925237
-0.8122913072443472     ,0.6388850388893664
0.5849014673535717      ,-0.37160091612510904
0.6953514549796247      ,-0.16405551017076947
-0.3776511472518378     ,0.031302459123110526
0.13572545227083377     ,-0.5072324672724515
0.08611834341354607     ,0.2718216206693238
0.5577676750045717      ,-0.46522599037682866
0.17290757254737277     ,-0.3879816841267092
0.6438950720472354      ,0.05939111671699715
0.7130000502905935      ,-0.5486367550275091
-1.0443948899702846     ,-0.05275841473603943
0.7750764144842992      ,0.21172093484794707
0.3544266512224553      ,-0.9731258925920072
-0.07766369079152158    ,-0.1140643201521172
0.507334885971827       ,-0.6640672340304992
0.7072965357966965      ,-0.5921596719516335
-0.5348218972015124     ,0.37904177480446527
-0.9837066057978865     ,0.13957740798877982
0.7487092847289465      ,0.08939178414846727
0.31087772279792136     ,0.14411891162610085
-0.5524064812193172     ,0.3043163663668471
0.3328659122811912      ,0.024495421447330856
0.5931503321688356      ,-0.3324543455215464
-1.000181339871528      ,0.06711218139511871
0.8014778692002813      ,0.3457831663084338
0.6347281876266884      ,-0.207166350803496
-0.6038587057356036     ,-0.6288038078882927
-0.4070744305747307     ,-0.06501325283569348
-0.8443884921125744     ,0.489439557135709
0.2802934052671693      ,0.5936960287195321
0.713976361331442       ,-0.8547274664392783
-0.5143994012802328     ,0.6745082345527078
-0.36782970876791476    ,0.8401052969966238
0.2451167553629915      ,-0.7472260307715846
0.7794733154682425      ,0.23612354949210065
-0.6754947036470863     ,-0.3491216812950868
-0.3477518746786228     ,0.8158289071470726
-1.037515216592921      ,-0.0933551681957715
-0.5061847074001502     ,0.4150294236156993
-1.185396612428577      ,-0.14243258482154675
0.22457265063306253     ,-0.1465105178419901
0.28255098564958303     ,-1.5775797152243725
0.775369340471284       ,0.23383542348209574
0.33335488341863373     ,0.7882937135341496
0.8129826618525         ,0.28191258368850336
0.7083622702104042      ,-0.19293482523759953
0.3055568839239412      ,-0.08692983567098522
-1.2676575730686834     ,-0.4150892456066615
0.09123342049774208     ,0.13797153648844812
0.8122247310407069      ,0.37574091859536024
-0.6653113776251809     ,-0.14865414565770985
0.5654723073103869      ,-1.2267197576821365
-0.09686563400697717    ,-0.3135831298458107
0.22808057895023326     ,-0.47877589149637034
-0.5476158011039877     ,-0.5081625884532854
0.3222355383037607      ,-0.007910479846862661
0.773038783598333       ,0.26087641786748167
-0.38217295821999564    ,0.028308657011356264
-0.5101346678027271     ,0.31813032078484804
0.6179580432245291      ,-0.26089951369137065
0.5775740503408444      ,-0.3907521320460554
-0.68634957460436       ,-0.11210690459571371
-1.0624085051378702     ,-0.3009743535122069
-0.6061466934310443     ,0.056870989895736856
-0.11385791770681375    ,-0.2957249972449548
0.34324015527974716     ,0.8538706247031937
0.596500214573354       ,-0.31482754872019125
0.7958579344585577      ,0.22237044000940334
0.13731450643159349     ,0.1758879013047338
-1.0012465904033        ,-1.6156376019430223
0.2521558530712009      ,-0.8615161153027897
0.6086807115301567      ,-0.3365285697931736
-0.13776161087693706    ,0.5790329999038556
0.7819036990533397      ,0.26143023652271324
-0.4928628054648412     ,0.6613752068135187
-0.539126552410966      ,0.2519186559636256
0.3162250512357674      ,0.7042595541329251
0.32012142739952765     ,0.7597685604254061
0.3474398345590485      ,0.7835851694253957
0.342208470760611       ,0.8936187688617909
-0.5823341866923087     ,-0.3406837920861334
-0.14382140313134867    ,-0.5544205682731591
0.8003742552308288      ,0.2689908297366328
0.6726504482434583      ,-0.2908970838423445
-0.8899128728362538     ,0.35358434803001876
0.33806528254446144     ,0.032519125801139526
0.300777705971604       ,-0.17335934766225802
0.334716274323714       ,0.7869297478883585
-1.000654466103515      ,0.2604682384347266
-0.5797790790252065     ,-0.6175061029638715
0.8157575384114717      ,-0.44822694773257954
-1.17489382093004       ,0.12649515444568604
0.6046976447597472      ,-0.2972353795562216
0.1395328620204448      ,-0.4801836943195331
-0.2852390786186253     ,-0.5247605766101809
-0.5055747693260855     ,0.37360028388830996
0.6032651022081337      ,-0.38913910325056844
0.16471721506549641     ,0.2666244313759901
-0.5349296037581884     ,0.308412313682309
-0.3977292166715596     ,0.7435944429950956
-0.8000355481983955     ,0.6574778225264213
-1.0394022873641613     ,-0.03664776258782704
-0.5974782338424909     ,-0.6243419076702483
-0.6547008255433697     ,-0.9258741774512915
0.7917764780986833      ,0.21552410100793146
0.1733815946653683      ,-0.7009695133573297
-1.3422228632740667     ,-0.32014185967019193
-0.5605152352367564     ,0.1592774597284332
0.6133436279389166      ,-0.21012600004158843
0.09594326857816404     ,0.0064525593295958195
0.7815319853644784      ,0.1675620270570395
-0.10035910910476947    ,-0.3213920639194874
-0.34178421754572974    ,0.883690847185737
-0.05058133151182376    ,-0.14395332644018777
-0.8084084678099208     ,0.6396883344416314
-0.5030355914160388     ,-0.16646119381273816
-0.3506296967661843     ,0.1106311922676792
0.6149676192956508      ,-0.24049084938277376
0.18710943582019413     ,-0.6417561117283759
0.6068533739276207      ,-0.3970126007383391
0.7942826282125675      ,0.2710646631966025
0.7475274311938254      ,0.10903461624892663
-0.37643709667226366    ,-0.025061368679167417
0.24101966539864905     ,-0.5269107056090998
0.609628063493376       ,-0.3255845351074742
0.10131069217694455     ,0.2224412410951506
-0.7035623842673002     ,-0.7079614919556756
0.14492927717234594     ,0.2308501803538045
-0.8056833356461137     ,0.7115924545237287
-0.34038445541335877    ,0.9319615904044452
0.6261775403015968      ,-0.15109570906775116
-0.9744051661627853     ,0.3968363409541034
0.1307145428850267      ,0.4182017758147177
-0.5356466757059971     ,0.29011161858577067
0.8090740332692139      ,0.3252612935238637
0.8073666567362858      ,0.30680095018121023
0.7992338962240808      ,0.3543895490525867
0.2778513381698786      ,-0.2538590756544964
0.7202614680287198      ,-0.05155924744570384
0.7465606795277329      ,0.12679991766900645
0.6211861576982312      ,-0.24275954642744246
0.08593190583015509     ,0.24862778839425975
0.7800898130976444      ,0.2999375647471871
-0.686034403332522      ,-0.7778564775760293
-0.8013341291881643     ,0.6882818438447944
0.7788635772787047      ,0.16027619902144896
0.5167779967110324      ,-0.8497065173697247
0.33987645938228483     ,0.8024303806798134
-0.9347232434734449     ,0.04594701524071926
0.7507524890827328      ,0.022156029580455205
0.37609510141626434     ,-0.700641650657599
-0.07945019537080855    ,0.027467430576762875
-0.5092616182562207     ,0.4375136111436134
-0.35099172123073585    ,0.9097192054574459
0.0815541965184684      ,0.1371399699198284
0.1235334069201438      ,-0.4250229203042748
0.7909040772007465      ,0.2932510256199674
0.3156305142121353      ,0.790405220420358
0.3207952044459017      ,0.7873149348870738
-0.13532930212510969    ,-0.5794582210518799
-0.1053834380585093     ,-0.39772460724972614
-0.33139516227382537    ,0.13791058071775275
0.5832348057265706      ,-0.4503959772217021
0.35555051793217085     ,0.8380938671161267
0.7634059150160117      ,0.170975906366105
0.2746049398385625      ,-0.12448974381367028
0.1403003890518325      ,0.1916339146416216
0.6839537147916603      ,-0.2409120483973759
0.18246542550753175     ,-0.17360314924083486
-1.0237884215652533     ,-0.07003359679074428
0.8025255972688412      ,0.3561773732995397
-0.6786634992839494     ,0.09060828574754376
-0.5119556899842033     ,0.4297116873173062
0.7648476143752789      ,-0.13199554328531704
0.7252875203561404      ,-0.5081182257700037
-1.1573295260381586     ,-0.07108829757417845
0.5256935271362309      ,-0.35152328073712835
-0.0827027312422175     ,-0.987149582129712
0.7947383497367377      ,0.26437539234413354
0.09346809708971493     ,-0.685336159131364
0.6123055112860798      ,-0.28257786540515006
-0.630389748660808      ,0.029168151437160506
0.6384894672588897      ,-0.11668484408966873
-0.5558446677943233     ,0.5586505435814605
0.10871703305660219     ,-0.8052274812729538
0.5842984811086158      ,-0.3124466686720303
-0.55857303536582       ,-0.46546205297510834
-0.8203828212092668     ,0.5353814875766019
-0.12472251760960584    ,-0.1298560353533057
-0.7770535106308558     ,-0.020296558358387562
0.15261668694732944     ,0.3018522399776844
0.09442329758590462     ,0.2413870681267709
0.11844850018628594     ,-0.6215604195094231
0.32606638577126945     ,0.7719594370815382
0.32676315242317233     ,0.12574515498219985
0.6541215332653458      ,0.07047164785064403
0.29444858706849053     ,0.578619048395534
-0.09578489323472528    ,-0.21341292578096138
-0.5938901484079722     ,-0.7618476168641382
-0.6491885740207901     ,0.07346601399879432
0.5895991068659581      ,-0.37563230486098176
0.7841193424089139      ,0.19566639677678618
0.7369029865680052      ,0.016417482013897755
-0.8402752592062543     ,0.613580825202019
-0.08179278605618312    ,-0.24736795014609114
-0.4055764220463439     ,-0.7156834452007435
-0.5192884208320446     ,0.3360653361681238
-0.6420974753107632     ,-0.6990166912092013
0.33892509354110767     ,0.1436524627341189
0.09818324729758254     ,-0.0020649878134381683
0.8047768057081892      ,0.3320958125554227
0.3258194700813505      ,0.7933537739501997
0.3051096164256748      ,0.7358581129222537
0.8147367620453425      ,0.3129758050201786
-0.4455810738258058     ,-0.38596123506121305
-0.4957407364167556     ,0.27268366259697596
0.8056128439567429      ,0.35346484252937965
0.27852467946228743     ,-0.1921710965327773
0.8002955112085124      ,0.2808313135686188
-0.45476998077673403    ,0.6348042031040803
-0.3472019975204367     ,0.9627169769619559
0.7889727391104353      ,0.22911067366638388
0.786524466997859       ,0.2928881967958369
0.12306816491813333     ,0.1433686398345353
0.33919272942421363     ,0.08432502772096528
-0.4347047519160123     ,-0.22154907434742854
0.3353104867607716      ,0.7945568060223317
0.6091479420878356      ,-0.2933394594137134
0.8034492414680428      ,0.2541090411060382
0.6163113047426305      ,-0.9276008987941935
0.7888583015592365      ,-0.5230044616018303
0.5846994445739404      ,-0.39822540287969044
0.39754888240298214     ,0.4482644967579537
0.806614304926544       ,0.3768378611381493
0.6007915403401083      ,-1.0680261264121187
0.4885998545675396      ,-0.3590184901565081
-0.3157960723158922     ,-0.7364804842974415
0.7877564817205598      ,0.30884929698546393
0.8732141202564425      ,-0.02901217358074004
-0.9640455950521718     ,-0.5105084785183326
0.15641506914081804     ,0.33873960645842954
-0.5127162271904325     ,0.4775346195136394
0.6138752460473902      ,-0.21344753862369414
-1.1924738128294852     ,0.12017228929770601
0.3465280846144957      ,0.8301526216067299
0.8072690496969064      ,0.2671814756531796
0.32159831275441253     ,0.822205235981403
-0.8070094382171814     ,0.7060228479924966
0.5699256564081288      ,-0.6804633281470238
0.6159507425920907      ,-1.0302589628784622
0.8011484613057342      ,0.2581330908216889
0.7940445902456172      ,0.23761938450992745
-0.5114804960980279     ,0.3967790677521177
-0.35876405084970725    ,0.8175266264479911
-0.8375100160256463     ,0.5129089141945216
-0.3763066666132244     ,0.9635806697605684
0.6976714660902761      ,-0.5665416584667595
0.7042472622773146      ,-0.22407253777311975
0.18212427376152707     ,0.3292864006518597
0.2757113882312544      ,0.5978730650399359
0.5446501232813752      ,-0.671836190530138
0.8100115756222805      ,0.3318042476023194
0.5671597157648343      ,-1.2894925702665214
0.06673889912556286     ,0.15078983465283247
-0.35154734836581597    ,0.8775824626086721
0.20997702286670694     ,-0.8457234660806163
0.2154105710569495      ,-0.10134385481294395
-0.5583832787893109     ,-0.16815721963309316
0.6840254939318446      ,-0.18703728740426417
0.6332531102150349      ,-0.5517267068561376
0.5029236556983938      ,-0.5048872303500281
0.0725377516189567      ,0.1426768500617595
0.09061234016009367     ,0.285032162835286
0.33595561666845086     ,-0.6726464108767793
0.32174029204769394     ,0.7488941132794161
0.7697743770422518      ,0.10831341942385053
0.8026833282291541      ,0.3190452692478958
0.3362870222214126      ,0.8563645563108174
0.004396660464873303    ,-0.4607938528316535
-0.8241488549703149     ,0.5824980369877101
0.31832295360573193     ,0.7047091638177706
-0.241868550854358      ,0.1606138098917333
0.6336965012203835      ,-0.22582933049534326
-0.5289863649062916     ,0.6346397906655252
-1.0604219203842626     ,-0.021638801841894817
-0.3434939555090142     ,0.9088205415664246
-0.37031903384444353    ,0.7867873793604498
0.7390105598369079      ,0.17371173939485385
-0.9967577956144997     ,0.3864408538125203
0.5799329766278538      ,-0.41075003521045295
-0.7723142831988878     ,-0.8984099449468139
0.12290506520258204     ,-0.5190384784879435
-1.023690234079147      ,0.1957836813644045
0.2709849040724692      ,-0.0953123039744862
0.8062239946965633      ,0.365287724015252
-0.139397841438132      ,0.4771184852907704
0.09025771498071311     ,-0.4292424755375479
0.2990144382093961      ,0.8342331157448648
0.8085562823147587      ,0.33240139075178043
0.48525865070598484     ,-0.7633821539344983
0.8067194275444529      ,0.3160188959592819
-0.5146421236080383     ,0.3701552543308475
0.1632908772878976      ,0.32059733633965426
0.7351219408583063      ,0.0546589457724771
0.10127468975079079     ,-0.8075673633458966
0.6294932744122312      ,-0.1816182189041713
0.26401307609780356     ,-0.001630176745510914
-1.0035115256308111     ,0.00576748934983945
-0.4126119100432062     ,-0.04115007260283304
0.22244536454932806     ,0.6739296860484457
0.7793899369722301      ,0.1762750443210646
0.6147269804669093      ,-0.3213392867767403
-0.8357781989511233     ,0.6937988830147688
0.7035148237422237      ,-0.5798354157883918
-0.34869586422375665    ,-0.6256479956730614
0.28362538256174064     ,0.5168470722778986
-0.7444452805222675     ,-0.8055354568976412
0.6219536244869401      ,-1.0091536010873159
-0.382853471672819      ,0.6974943315639031
-0.409533512618328      ,0.5998338722047678
-0.34416651226712286    ,0.9335142554289066
-0.5326685922550844     ,0.4009566996537691
0.6188734941327731      ,-0.20587706604989198
0.7394976111709468      ,-0.7748234318127023
0.8079589460386958      ,0.3279113323921973
0.8097872975557325      ,0.25666680173538203
-1.0947478711282317     ,0.16077693684412664
0.1432218720339935      ,-1.2690677836134274
-0.37308766674329397    ,-0.04996609309482902
0.7540761600487496      ,0.14237791203554984
-0.8090572601353208     ,0.6756310599090332
-0.5051721401831112     ,0.4392768008673955
0.32118413404388224     ,0.7797628453334191
0.7855409541591887      ,0.23978188730291147
0.2785569765585445      ,0.5218692949725263
0.2210660613651121      ,-0.11104262451175329
0.31676513863278555     ,-0.7409834068350136
0.6918000426884132      ,-0.5616344451941198
0.7837942466098582      ,0.22930627264043146
0.5949033882482258      ,-0.32873770278478176
-1.1518062161464153     ,-0.049397463285851095
-0.8048985871499001     ,-0.9839358560760139
0.5924656316945176      ,-0.9587909032563684
0.797699901847644       ,0.25877373865717623
0.6855621847816151      ,-0.6064977339678976
0.8055576842709069      ,0.34949116021436394
0.7481509061545952      ,-0.7510324518277769
-0.602343331132215      ,0.33463437865698403
-0.8597622812451996     ,0.4707959889106469
-0.5426673685391823     ,0.4691902969861729
0.1460382446852726      ,0.4008308989370514
0.7944906510716199      ,0.3661214700218507
0.10346493975424909     ,0.0919019691883875
-0.39765957378955885    ,0.8802382835045546
0.7507533261486181      ,0.07663645418324738
-0.5251082596555986     ,-0.6645764251206929
0.7208532207088645      ,-0.43293424332036623
0.7849388920321978      ,0.20633266536976166
-0.15199310211907385    ,-0.3844116488854523
-0.35516137366314077    ,0.9174629283436071
0.5592196953656814      ,-0.4749198253670488
-1.0318722250234544     ,-0.01963971249750529
-0.34625133999675217    ,0.10192700590879772
0.39252786823030716     ,-0.7378850156283425
0.10610963697234388     ,-0.654231098412041
0.34640032774476015     ,0.8722429932831672
0.8049549604427373      ,0.341898836497574
0.761734692317064       ,0.17927249479029328
-0.5168732301333692     ,0.40319576904608506
0.17014285750011693     ,0.34014197984393746
0.7983940315093903      ,0.32663631821147243
0.8093467778566183      ,0.32753977869359713
-1.1491065364152213     ,-0.43838046971042743
-0.49685177367555855    ,-0.07045563973475655
0.7936371441899777      ,0.3280138958497253
0.30304895780434793     ,0.6398784473670552
0.7948546896236139      ,0.23794736253467444
0.6602145154728201      ,-0.3046294505062427
0.8082620665380549      ,0.3487974142345848
-1.033042496611575      ,-0.023510512714006615
0.008611645379506427    ,0.3176701871036368
0.7339102375836957      ,0.029360214456194966
0.05927420783205506     ,-0.9488977967915202
-0.8750410404318069     ,-1.0146343689465631
-0.057744166017991816   ,-0.13968256909006393
0.5961001556078751      ,-0.32646640857042675
0.3075338806209832      ,0.6654707592729672
0.8067809949466895      ,0.27957158009106464
0.5920496331334408      ,-0.3176246274655714
0.12975167309077862     ,0.239281367275958
0.3032579254703396      ,0.04715219439474244
-1.4341317707534178     ,-0.7072450030345789
0.2762033775520203      ,-0.11771931577425254
-0.1937578558716671     ,-0.48591537091681947
-0.7692763436015908     ,0.03925283959524806
0.6013957524878701      ,-0.6376839498855389
-0.4285508558015106     ,-0.6464767469929533
0.7138401843022597      ,-0.21648885967453646
-0.5953792723847624     ,0.5193698509321465
0.31417255088346585     ,0.7427848048403214
-1.4191509578567842     ,-0.6836074092933289
-0.32879698537334534    ,0.9332706852247334
0.007421891708916273    ,-0.5427588639700858
0.7884210483274179      ,0.2830245889276949
0.7847946197262368      ,0.36210254931257974
-1.0112841044277827     ,0.0850257102597981
0.32584548178609274     ,0.8221548483033829
0.2820873609699037      ,0.5695453724115136
-1.147155806782866      ,-0.04212710669983866
0.22909682516378627     ,-0.7488181610317124
0.1409768676283063      ,0.21431602715038905
0.11748323841439412     ,-0.5819604120861532
0.5139586603350774      ,-1.1192845029941667
-1.0675757298152364     ,-0.19440264344613234
0.7025666166215263      ,0.139944846950597
-0.17132600847368656    ,0.5084462072119849
0.056306800200211726    ,0.14940421621173555
0.19064232023258643     ,-0.12231679896309644
0.07657816735852441     ,0.18982049886963456
-0.9874950602588326     ,0.14425012939308252
0.7054798044388808      ,-0.5191969415823663
0.876891344526082       ,-0.06099733291336212
-0.9766618543826331     ,0.175504152021428
0.22519400613292462     ,-0.7731673498680967
-0.5953768298924426     ,-0.09796207409618307
0.339396448842721       ,0.8901992489282031
-0.4183935159671614     ,0.7130628327376741
-0.04415678617545504    ,-1.1076057471568932
-0.352474278038322      ,0.8805369325546478
0.814125741607739       ,0.2882888161864818
0.09729381732427078     ,-0.7377842152955416
-0.985873969843944      ,0.14335920434347282
0.5767525178889592      ,-0.45906893405981575
-0.37437816116683253    ,0.753668834644643
0.7956716519275435      ,0.296004073747595
-0.9850101429690954     ,0.11292656589749406
0.32673279555006474     ,0.7847579909295199
0.14976814533647131     ,-0.5287926259411876
-0.9719917115609944     ,0.4933676271813616
0.34301757821983647     ,0.8772190821945804
0.8078869656928627      ,0.3239174919045938
0.14233102418052224     ,0.2375676742759992
-0.5313476844917182     ,0.4303023570627758
0.7823483662241346      ,0.17629133886751763
0.6135438734294509      ,-0.2710544420723574
0.8888149685755706      ,-0.0382492410439112
0.7380186380509624      ,0.12292292835210056
0.0776000127234493      ,-0.6783170749026863
0.2076962405535553      ,-0.7221437781735474
0.3429892178434505      ,0.8783161037907621
0.1497427583223414      ,0.3166221861858871
0.7789222498648916      ,0.23546174062190003
0.1774836852081516      ,0.559148786130118
0.6799624458098639      ,-0.5481905258328189
0.6097196719507534      ,-0.24931851832239815
0.5671614618927832      ,-0.4633908913627143
0.6306332755710036      ,-0.957851556306692
-0.5210251013851767     ,0.3677317108655118
0.6166651965851537      ,-0.3588945902988657
0.6239877934750462      ,-0.2280416532082391
0.7992745802767662      ,0.3540263862122938
0.6330516901024241      ,0.027882962147095958
-0.5782193175290565     ,-0.5863599511890656
0.08479218285927181     ,-0.014296310319243444
0.1723456659153071      ,0.3583597312969076
-0.40793635167057285    ,0.5504867124792509
-0.5332336981840199     ,0.3320816127131665
0.653879759955853       ,0.06628586679286458
0.7630817328586306      ,0.15584978581065334
0.3057282238318213      ,0.7048228545650681
0.16353497402505035     ,-0.42593069009471873
0.722410267578484       ,-0.024861464446870818
0.1427808326099419      ,0.25101134628885535
0.4731628572352098      ,-0.9615933376278558
0.05920984135287355     ,-0.2941305444379346
0.671976792209785       ,-0.8790732683726887
0.5928013767058131      ,-0.9761386375880696
0.41451211957488765     ,-0.21550114310737767
-0.5901936429351377     ,-0.8365494909456728
0.34126748715190236     ,0.8646595038371374
-0.6820044885247364     ,0.08642160710668917
0.6358978813416738      ,-0.9959790682132144
0.16699381275653413     ,0.30692283175781787
0.07559200135093946     ,0.20149792353929863
0.8085803975753159      ,-0.5964960237056753
0.13122026900450634     ,0.349197794197394
-0.831754669570564      ,0.6442791153395467
-0.8545768874638231     ,-1.0222870504356658
0.3145681069328725      ,0.7169336181712045
0.6828362050684647      ,-0.6347761467079271
0.34754191935102663     ,0.11853917836784844
0.2699562385231198      ,-0.2463616334887454
-0.3722243633542325     ,0.8061073226703372
0.3206163669566564      ,0.8002530036288977
-0.4943571725540469     ,0.6979555000756701
0.6130466319812549      ,-1.00220847633259
0.604849291143629       ,-0.35918383628086403
-0.8163934296435376     ,0.6458712306961127
0.30051608462220725     ,0.6693714199613437
0.7735925278718179      ,0.14518926985468883
0.701244060200163       ,-0.2828172316558437
0.5720877343373312      ,-0.5374103159997156
-0.1549718775231898     ,0.4551110690549929
0.16976323802497273     ,0.3602730342595279
-0.5242500117102998     ,0.3883883409767023
-0.04741699449942782    ,-0.7496991559265331
0.5654766133737681      ,-1.0897117896072106
0.31583198163135395     ,0.02527228742235138
0.3529827522121137      ,-0.9343583995563183
0.3461164283423469      ,0.857759874736322
0.036765546559091034    ,-1.3041072044507904
-0.5231686282102987     ,0.4041186647022466
0.8150690856233129      ,0.36316535424928
-0.027407799641928077   ,-0.20922124031313905
0.21482718616465524     ,-1.0819762183426285
0.30692413965467114     ,0.7906256068564824
0.3076261221738109      ,0.8622429846080285
-0.882327328362118      ,-1.4028174190163027
0.10342050670769443     ,0.06158412662239432
0.2315778709195776      ,-0.37042237344637685
0.7834430302541142      ,0.25472572761243245
-0.2635460010859659     ,0.5520100806212305
-0.17932501204789036    ,-0.45531793575148827
0.08930890811538894     ,0.1641800289334317
0.14055092780769307     ,0.2701728516721531
-0.5499967178871763     ,0.4155819926202437
-0.41906075431499196    ,0.5218324746172863
0.16919134328510177     ,-0.4537357911662415
0.7778108632584855      ,0.21268669230616394
0.34192959595048755     ,0.8600357098383152
0.09814624190332144     ,-0.6715094594978581
0.34776252476171876     ,0.04790176617134417
0.29702840878521386     ,0.6645857411079061
0.8611861409227279      ,-0.10066301066565753
-0.37107476274216433    ,-0.49326137982362017
0.13696221314814783     ,0.20442412832391155
0.5990930729952844      ,-0.2545153384222216
0.27302803442442414     ,0.5520470999189442
-0.37873713757927313    ,0.7663017659848606
-0.34114124831539927    ,0.908923160478331
-0.28809250792400454    ,-0.6611155072427932
-1.1514719470628023     ,-0.33758174838113475
-0.1283641131143135     ,-0.39613607554009655
0.11127745597332694     ,-0.7535574641664757
0.34094746927869823     ,0.734830828256706
-0.5474494041200203     ,-0.4648625861484873
0.5518295703673259      ,-1.347846070525558
-0.8474483871963724     ,0.5175564412293571
0.3643985267852268      ,-0.5611258406113343
-0.6618512753231076     ,-0.5499282113273098
